mesh_id,population,boundary_status,station_dist_m
"533944322","3718",boundary,"731.3"
"533944324","3894",boundary,"725.2"
"533944331","2580",boundary,"962.6"
"533944332","3396",boundary,"935.7"
"533944333","4082",boundary,"533.6"
"533944334","3868",boundary,"502.1"
"533944341","3027",boundary,"1203"
"533944343","3759",boundary,"862.3"
"533944353","5168",boundary,"696"
"533944354","1614",boundary,"904.6"
"533944362","3519",boundary,"409.4"
"533944363","2704",boundary,"457.3"
"533944364","2717",boundary,"132.9"
"533944371","3243",boundary,"223.8"
"533944373","3608",boundary,"662"
"533944422","4195",boundary,"830.8"
"533944424","3384",boundary,"950.4"
"533944431","4178",inside,"265.2"
"533944432","4596",inside,"237"
"533944433","3166",inside,"532.3"
"533944434","3303",inside,"536.4"
"533944441","3047",boundary,"683.5"
"533944442","5649",boundary,"133"
"533944443","2629",boundary,"786.3"
"533944444","4527",boundary,"410.9"
"533944451","4823",boundary,"456.2"
"533944452","3068",boundary,"727.7"
"533944453","4571",inside,"599.4"
"533944454","4522",inside,"796.6"
"533944461","2193",boundary,"192.6"
"533944462","4420",inside,"368.6"
"533944463","3060",inside,"376.9"
"533944464","4189",inside,"538.1"
"533944471","3920",boundary,"820.7"
"533944472","5722",boundary,"299.9"
"533944473","3776",boundary,"844.2"
"533944474","6130",boundary,"359.4"
"533944521","5130",boundary,"1059.1"
"533944522","4075",boundary,"1242.5"
"533944523","1336",boundary,"1498"
"533944524","4097",boundary,"1460.2"
"533944531","2753",boundary,"961.2"
"533944532","1130",inside,"971.5"
"533944533","2139",boundary,"1407.2"
"533944534","3890",boundary,"1418.4"
"533944541","3202",inside,"1094"
"533944542","6535",inside,"864.6"
"533944543","3066",inside,"1484.2"
"533944544","4500",inside,"1324.2"
"533944551","6853",inside,"968.4"
"533944552","3627",inside,"1080.2"
"533944553","4714",inside,"1394.2"
"533944554","1851",inside,"1458.4"
"533944561","4068",inside,"821.3"
"533944562","4124",boundary,"906.6"
"533944563","3627",boundary,"1278.4"
"533944564","4601",boundary,"1334.9"
"533944571","2755",boundary,"1086"
"533944621","1676",boundary,"1357.7"
"533944632","1437",boundary,"1178"
"533944641","2259",boundary,"1092.6"
"533944642","1612",inside,"1173.3"
"533944643","5270",boundary,"631.8"
"533944644","3213",boundary,"751"
"533944651","2241",inside,"1125.5"
"533944652","3269",boundary,"1064.2"
"533944653","3859",boundary,"673.8"
"533944654","5793",boundary,"660.9"
"533944661","2418",boundary,"996.4"
